{"cameraMode":{"drawMode":0,"name":"Shaded","section":"Shading Mode"},"sceneLighting":false,"audioPlay":false,"sceneViewState":{"showFog":true,"showMaterialUpdate":false,"showSkybox":false,"showFlares":true,"showImageEffects":true,"showParticleSystems":true},"in2DMode":false,"pivot":{"x":0.22081562876701356,"y":0.42124366760253909,"z":0.31700611114501955},"rotation":{"x":0.19803081452846528,"y":0.6937717795372009,"z":-0.20801997184753419,"w":0.6604551076889038},"size":3.479024887084961,"orthographic":false}